4,lorem@outlook.edu
4,gravida.sagittis@hotmail.org
4,vel@protonmail.ca
4,amet@outlook.edu
8,fringilla.euismod@google.org
4,lacus@yahoo.ca
6,phasellus.at@outlook.ca
3,magna.nam@aol.net
3,hendrerit.donec@icloud.ca
6,amet.faucibus@hotmail.couk
6,quis.diam@google.net
5,nullam.velit@google.org
4,eget@protonmail.org
4,pellentesque.habitant@aol.net
4,et@protonmail.ca
4,nunc.ac@aol.net
6,mauris.non@google.com
8,massa@google.net
8,urna.convallis.erat@outlook.org
6,ultrices@aol.couk
8,ipsum.curabitur.consequat@google.com
8,tempor.erat@protonmail.net
9,sem.nulla.interdum@outlook.net
8,nunc.sed@icloud.org
10,cursus.vestibulum@yahoo.net
4,donec.felis@icloud.org
5,et.arcu@hotmail.org
10,tempor@yahoo.org
4,dui.cum@hotmail.com
3,gravida.aliquam@outlook.edu
4,primis.in@hotmail.couk
6,proin.vel@outlook.net
1,eu.eros@icloud.net
2,enim@outlook.ca
4,urna.justo.faucibus@yahoo.com
4,facilisis@aol.couk
8,tellus.non.magna@protonmail.couk
10,diam.pellentesque.habitant@aol.couk
5,quam.vel@hotmail.net
8,nullam@protonmail.net
9,porta@icloud.net
3,ridiculus.mus.proin@protonmail.org
5,nibh.phasellus@hotmail.couk
4,a.neque@protonmail.ca
3,arcu.aliquam.ultrices@hotmail.edu
3,magna.cras.convallis@protonmail.com
9,pede.cras@aol.org
6,sit@google.org
6,elit.elit@google.net
9,egestas.a.dui@google.edu
7,suspendisse.sed@protonmail.couk
9,cursus.et@protonmail.ca
8,risus.donec@aol.com
4,est.arcu@protonmail.net
10,neque.nullam@protonmail.ca
4,felis.nulla@icloud.com
6,molestie.tortor.nibh@hotmail.ca
1,justo.praesent.luctus@yahoo.edu
10,nunc.ac@hotmail.ca
3,in.felis@yahoo.couk
2,suspendisse.aliquet@aol.couk
7,nibh.donec@aol.edu
5,feugiat@hotmail.org
6,urna@outlook.com
6,arcu.et.pede@aol.net
1,non.egestas.a@google.com
10,ullamcorper.nisl@icloud.ca
2,scelerisque.dui@yahoo.ca
1,non@aol.com
5,sem@icloud.ca
3,magna@outlook.com
7,lorem@yahoo.com
8,tellus.justo@aol.edu
8,ipsum.primis@hotmail.couk
7,penatibus@google.com
4,suspendisse@aol.couk
5,pharetra.ut@hotmail.com
1,justo.sit@aol.ca
3,adipiscing.lobortis@protonmail.net
5,ultricies@google.net
7,magnis.dis@yahoo.com
6,non.nisi@google.couk
1,augue.scelerisque.mollis@outlook.couk
9,dictum.eleifend.nunc@outlook.ca
7,nec.ante@yahoo.ca
5,suscipit.est@hotmail.ca
4,diam.duis.mi@google.edu
8,leo.cras@google.ca
6,enim.gravida@icloud.org
8,nonummy@aol.net
8,tellus.id@yahoo.org
7,ipsum.dolor@aol.couk
4,in.hendrerit@yahoo.com
10,egestas.a@hotmail.org
8,pretium.aliquet@outlook.edu
10,nulla.tempor@aol.edu
9,sed.eget.lacus@outlook.com
4,amet.faucibus@yahoo.net
2,sed.facilisis@outlook.couk
5,sem@outlook.ca